{"cameraMode":{"drawMode":0,"name":"Shaded","section":"Shading Mode"},"sceneLighting":false,"audioPlay":false,"sceneViewState":{"showFog":true,"showMaterialUpdate":true,"showSkybox":true,"showFlares":true,"showImageEffects":true,"showParticleSystems":true},"in2DMode":false,"pivot":{"x":-3.5658068656921388,"y":-10.7210111618042,"z":10.497180938720704},"rotation":{"x":0.4258348345756531,"y":-0.39644116163253786,"z":0.21523933112621308,"w":0.7843290567398071},"size":9.457361221313477,"orthographic":false}