{"cameraMode":{"drawMode":0,"name":"Shaded","section":"Shading Mode"},"sceneLighting":false,"audioPlay":false,"sceneViewState":{"showFog":true,"showMaterialUpdate":true,"showSkybox":true,"showFlares":true,"showImageEffects":true,"showParticleSystems":true},"in2DMode":false,"pivot":{"x":1.1788405179977418,"y":-21.97711753845215,"z":2.710939884185791},"rotation":{"x":0.6509954333305359,"y":-0.0022771493531763555,"z":0.0019530480494722725,"w":0.7590770125389099},"size":22.326114654541017,"orthographic":false}