{"cameraMode":{"drawMode":0,"name":"Shaded","section":"Shading Mode"},"sceneLighting":false,"audioPlay":false,"sceneViewState":{"showFog":true,"showMaterialUpdate":true,"showSkybox":true,"showFlares":true,"showImageEffects":true,"showParticleSystems":true},"in2DMode":false,"pivot":{"x":3.171877861022949,"y":0.09749507904052735,"z":2.999868869781494},"rotation":{"x":0.2861209809780121,"y":-0.5403997302055359,"z":0.20211224257946015,"w":0.7650187015533447},"size":8.556319236755371,"orthographic":false}