{"cameraMode":{"drawMode":0,"name":"Shaded","section":"Shading Mode"},"sceneLighting":false,"audioPlay":false,"sceneViewState":{"showFog":true,"showMaterialUpdate":true,"showSkybox":true,"showFlares":true,"showImageEffects":true,"showParticleSystems":true},"in2DMode":false,"pivot":{"x":2.23858642578125,"y":-12.335351943969727,"z":12.394610404968262},"rotation":{"x":-0.3242955207824707,"y":-0.015042426995933056,"z":0.005158155225217342,"w":-0.945824384689331},"size":17.721960067749025,"orthographic":false}