{"cameraMode":{"drawMode":0,"name":"Shaded","section":"Shading Mode"},"sceneLighting":false,"audioPlay":false,"sceneViewState":{"showFog":true,"showMaterialUpdate":true,"showSkybox":true,"showFlares":true,"showImageEffects":true,"showParticleSystems":true},"in2DMode":false,"pivot":{"x":5.467548370361328,"y":-6.828787803649902,"z":11.286218643188477},"rotation":{"x":0.29185524582862856,"y":0.03728996217250824,"z":-0.011388069950044155,"w":0.9556675553321838},"size":12.21810245513916,"orthographic":false}