{"cameraMode":{"drawMode":0,"name":"Shaded","section":"Shading Mode"},"sceneLighting":false,"audioPlay":false,"sceneViewState":{"showFog":true,"showMaterialUpdate":true,"showSkybox":true,"showFlares":true,"showImageEffects":true,"showParticleSystems":true},"in2DMode":false,"pivot":{"x":-6.47960090637207,"y":1.0300374031066895,"z":-9.13192081451416},"rotation":{"x":0.17480267584323884,"y":-0.7644339799880981,"z":0.23220045864582063,"w":0.5754722356796265},"size":1.052634358406067,"orthographic":false}