{"cameraMode":{"drawMode":0,"name":"Shaded","section":"Shading Mode"},"sceneLighting":false,"audioPlay":false,"sceneViewState":{"showFog":true,"showMaterialUpdate":true,"showSkybox":false,"showFlares":true,"showImageEffects":true,"showParticleSystems":true},"in2DMode":false,"pivot":{"x":3.802999973297119,"y":0.8100000619888306,"z":-1.534999966621399},"rotation":{"x":-0.3242955207824707,"y":-0.015042426995933056,"z":0.005158155225217342,"w":-0.945824384689331},"size":0.9714167714118958,"orthographic":false}