{"cameraMode":{"drawMode":0,"name":"Shaded","section":"Shading Mode"},"sceneLighting":false,"audioPlay":false,"sceneViewState":{"showFog":true,"showMaterialUpdate":true,"showSkybox":true,"showFlares":true,"showImageEffects":true,"showParticleSystems":true},"in2DMode":false,"pivot":{"x":-3.3271141052246095,"y":-4.27938175201416,"z":-0.4948127269744873},"rotation":{"x":0.19310404360294343,"y":-0.7110952138900757,"z":0.21413782238960267,"w":0.6412491798400879},"size":11.296918869018555,"orthographic":false}