{"cameraMode":{"drawMode":0,"name":"Shaded","section":"Shading Mode"},"sceneLighting":false,"audioPlay":false,"sceneViewState":{"showFog":true,"showMaterialUpdate":true,"showSkybox":true,"showFlares":true,"showImageEffects":true,"showParticleSystems":true},"in2DMode":false,"pivot":{"x":2.2847375869750978,"y":-1.8259186744689942,"z":2.547255039215088},"rotation":{"x":0.3712003529071808,"y":0.420078843832016,"z":-0.19367484748363496,"w":0.8051299452781677},"size":6.4018449783325199,"orthographic":false}